{"loss": 0.4185604453086853, "acc": 0.903003990650177, "dataset": 2, "p_filters": 29}