{"loss": 0.034049902111291885, "acc": 0.991599977016449, "dataset": 1, "p_filters": 61}