{"loss": 0.04124661907553673, "acc": 0.9898999929428101, "dataset": 1, "p_filters": 93}