{"loss": 0.39658308029174805, "acc": 0.9046173691749573, "dataset": 2, "p_filters": 27}