{"loss": 0.047754500061273575, "acc": 0.9882000088691711, "dataset": 1, "p_filters": 69}