{"loss": 0.04066459834575653, "acc": 0.9911999702453613, "dataset": 1, "p_filters": 57}