{"loss": 0.03751125931739807, "acc": 0.9898999929428101, "dataset": 1, "p_filters": 25}