{"loss": 0.3906112313270569, "acc": 0.9016979336738586, "dataset": 2, "p_filters": 19}