{"loss": 0.38811731338500977, "acc": 0.9005070924758911, "dataset": 2, "p_filters": 9}