{"loss": 0.4192725121974945, "acc": 0.8994699120521545, "dataset": 2, "p_filters": 39}