{"loss": 0.4095102846622467, "acc": 0.9040411710739136, "dataset": 2, "p_filters": 65}