{"loss": 0.030750328674912453, "acc": 0.9915000200271606, "dataset": 1, "p_filters": 17}