{"loss": 0.426358163356781, "acc": 0.9003918170928955, "dataset": 2, "p_filters": 41}