{"loss": 0.39651283621788025, "acc": 0.9026582837104797, "dataset": 2, "p_filters": 37}