{"loss": 0.4188893139362335, "acc": 0.8967040777206421, "dataset": 2, "p_filters": 47}