{"loss": 0.4020656943321228, "acc": 0.8992778062820435, "dataset": 2, "p_filters": 49}