{"loss": 0.38881900906562805, "acc": 0.9036186337471008, "dataset": 2, "p_filters": 97}