{"loss": 0.4148804545402527, "acc": 0.9051551818847656, "dataset": 2, "p_filters": 71}