{"loss": 0.4072987139225006, "acc": 0.9072295427322388, "dataset": 2, "p_filters": 81}