{"loss": 0.40147095918655396, "acc": 0.9038106799125671, "dataset": 2, "p_filters": 69}