{"loss": 0.05344068631529808, "acc": 0.9883999824523926, "dataset": 1, "p_filters": 29}