{"loss": 0.37827810645103455, "acc": 0.9055777788162231, "dataset": 2, "p_filters": 25}