{"loss": 0.04162825271487236, "acc": 0.9894999861717224, "dataset": 1, "p_filters": 67}