{"loss": 0.039876826107501984, "acc": 0.9904999732971191, "dataset": 1, "p_filters": 53}