{"loss": 0.03881732001900673, "acc": 0.9912999868392944, "dataset": 1, "p_filters": 95}