{"loss": 0.4306038022041321, "acc": 0.8927857875823975, "dataset": 2, "p_filters": 75}