{"loss": 0.41221892833709717, "acc": 0.8993162512779236, "dataset": 2, "p_filters": 51}