{"loss": 0.42130622267723083, "acc": 0.9022356867790222, "dataset": 2, "p_filters": 85}