{"loss": 0.04216903820633888, "acc": 0.9908999800682068, "dataset": 1, "p_filters": 75}