{"loss": 0.4106405973434448, "acc": 0.9033113121986389, "dataset": 2, "p_filters": 33}