{"loss": 0.04295629635453224, "acc": 0.9890000224113464, "dataset": 1, "p_filters": 27}