{"loss": 0.37346407771110535, "acc": 0.9053856730461121, "dataset": 2, "p_filters": 11}