{"loss": 0.04315692186355591, "acc": 0.9889000058174133, "dataset": 1, "p_filters": 9}