{"loss": 0.053822148591279984, "acc": 0.9868999719619751, "dataset": 1, "p_filters": 47}