{"loss": 0.43200361728668213, "acc": 0.9026198387145996, "dataset": 2, "p_filters": 55}