{"loss": 0.03420204669237137, "acc": 0.9908999800682068, "dataset": 1, "p_filters": 15}