{"loss": 0.3852881193161011, "acc": 0.8997387886047363, "dataset": 2, "p_filters": 13}