{"loss": 0.04104955121874809, "acc": 0.9890000224113464, "dataset": 1, "p_filters": 87}