{"loss": 0.03337327018380165, "acc": 0.9904000163078308, "dataset": 1, "p_filters": 7}