{"loss": 0.03508099541068077, "acc": 0.9908000230789185, "dataset": 1, "p_filters": 11}