{"loss": 0.03625716641545296, "acc": 0.9911999702453613, "dataset": 1, "p_filters": 77}