{"loss": 0.05060754343867302, "acc": 0.9904000163078308, "dataset": 1, "p_filters": 99}