{"loss": 0.026517584919929504, "acc": 0.9932000041007996, "dataset": 1, "p_filters": 13}