{"loss": 0.3894105553627014, "acc": 0.9047326445579529, "dataset": 2, "p_filters": 15}