{"loss": 0.40154358744621277, "acc": 0.9023509621620178, "dataset": 2, "p_filters": 89}