{"loss": 0.38614192605018616, "acc": 0.9023509621620178, "dataset": 2, "p_filters": 99}