{"loss": 0.4025159776210785, "acc": 0.9026198387145996, "dataset": 2, "p_filters": 95}