{"loss": 0.4019273519515991, "acc": 0.9020436406135559, "dataset": 2, "p_filters": 63}