{"loss": 0.39237499237060547, "acc": 0.8953595757484436, "dataset": 2, "p_filters": 5}