{"loss": 0.04363864287734032, "acc": 0.9894999861717224, "dataset": 1, "p_filters": 51}