{"loss": 0.44017207622528076, "acc": 0.8934772610664368, "dataset": 2, "p_filters": 73}