{"loss": 0.030747372657060623, "acc": 0.991599977016449, "dataset": 1, "p_filters": 37}