{"loss": 0.03834403678774834, "acc": 0.9901000261306763, "dataset": 1, "p_filters": 31}