{"loss": 0.0547720268368721, "acc": 0.9873999953269958, "dataset": 1, "p_filters": 59}