{"loss": 0.43587395548820496, "acc": 0.8970497846603394, "dataset": 2, "p_filters": 77}