{"loss": 0.3844735324382782, "acc": 0.8998924493789673, "dataset": 2, "p_filters": 31}