{"loss": 0.04328488931059837, "acc": 0.9896000027656555, "dataset": 1, "p_filters": 73}