{"loss": 0.41897791624069214, "acc": 0.8958589434623718, "dataset": 2, "p_filters": 59}