{"loss": 0.49754223227500916, "acc": 0.8603257536888123, "dataset": 2, "p_filters": 1}