{"loss": 0.04016304761171341, "acc": 0.9904999732971191, "dataset": 1, "p_filters": 85}