{"loss": 0.3742486238479614, "acc": 0.9071527123451233, "dataset": 2, "p_filters": 21}