{"loss": 0.032267238944768906, "acc": 0.9915000200271606, "dataset": 1, "p_filters": 35}