{"loss": 0.42141178250312805, "acc": 0.9002766013145447, "dataset": 2, "p_filters": 83}