{"loss": 0.03019990213215351, "acc": 0.9922000169754028, "dataset": 1, "p_filters": 63}