{"loss": 0.03322220593690872, "acc": 0.9923999905586243, "dataset": 1, "p_filters": 19}