{"loss": 0.4107069671154022, "acc": 0.8959357738494873, "dataset": 2, "p_filters": 17}