{"loss": 0.04362183064222336, "acc": 0.989300012588501, "dataset": 1, "p_filters": 3}