{"loss": 0.05624127760529518, "acc": 0.9843999743461609, "dataset": 1, "p_filters": 1}