{"loss": 0.3831373453140259, "acc": 0.9010064601898193, "dataset": 2, "p_filters": 7}