{"loss": 0.4207892417907715, "acc": 0.8967040777206421, "dataset": 2, "p_filters": 93}