{"loss": 0.3829476237297058, "acc": 0.9073448181152344, "dataset": 2, "p_filters": 35}