{"loss": 0.04762554541230202, "acc": 0.9908999800682068, "dataset": 1, "p_filters": 65}