{"loss": 0.41027772426605225, "acc": 0.9006223082542419, "dataset": 2, "p_filters": 53}