{"loss": 0.4528716206550598, "acc": 0.893976628780365, "dataset": 2, "p_filters": 67}