{"loss": 0.04576899856328964, "acc": 0.9882000088691711, "dataset": 1, "p_filters": 23}