{"loss": 0.03236974775791168, "acc": 0.9914000034332275, "dataset": 1, "p_filters": 33}