{"loss": 0.037038061767816544, "acc": 0.991100013256073, "dataset": 1, "p_filters": 5}