{"loss": 0.4332546293735504, "acc": 0.8995851278305054, "dataset": 2, "p_filters": 91}