{"loss": 0.03525523468852043, "acc": 0.9905999898910522, "dataset": 1, "p_filters": 39}