{"loss": 0.03667359799146652, "acc": 0.9909999966621399, "dataset": 1, "p_filters": 45}