{"loss": 0.030458133667707443, "acc": 0.9916999936103821, "dataset": 1, "p_filters": 49}