{"loss": 0.04871700704097748, "acc": 0.9891999959945679, "dataset": 1, "p_filters": 97}