{"loss": 0.4052211046218872, "acc": 0.8970497846603394, "dataset": 2, "p_filters": 61}