{"loss": 0.03570082038640976, "acc": 0.991100013256073, "dataset": 1, "p_filters": 81}