{"loss": 0.4114479422569275, "acc": 0.8908650875091553, "dataset": 2, "p_filters": 79}