{"loss": 0.4254130423069, "acc": 0.894322395324707, "dataset": 2, "p_filters": 43}