{"loss": 0.032717857509851456, "acc": 0.9921000003814697, "dataset": 1, "p_filters": 21}