{"loss": 0.03970355540513992, "acc": 0.9902999997138977, "dataset": 1, "p_filters": 79}