{"loss": 0.4402397572994232, "acc": 0.8988168239593506, "dataset": 2, "p_filters": 87}