{"loss": 0.4150124788284302, "acc": 0.8890596032142639, "dataset": 2, "p_filters": 3}