{"loss": 0.036596398800611496, "acc": 0.9902999997138977, "dataset": 1, "p_filters": 41}