{"loss": 0.04736216738820076, "acc": 0.989799976348877, "dataset": 1, "p_filters": 43}