{"loss": 0.05180058628320694, "acc": 0.9872999787330627, "dataset": 1, "p_filters": 83}