{"loss": 0.0339776985347271, "acc": 0.9926000237464905, "dataset": 1, "p_filters": 55}