{"loss": 0.030877429991960526, "acc": 0.9922999739646912, "dataset": 1, "p_filters": 89}