{"loss": 0.4180869460105896, "acc": 0.9027351140975952, "dataset": 2, "p_filters": 45}