{"loss": 0.03869621083140373, "acc": 0.9911999702453613, "dataset": 1, "p_filters": 91}