{"loss": 0.38434529304504395, "acc": 0.9028887748718262, "dataset": 2, "p_filters": 23}