{"loss": 0.4135674238204956, "acc": 0.8955132365226746, "dataset": 2, "p_filters": 57}